"","prate","mrate"
"1",26.1000003814697,0.209999993443489
"2",100,1.41999995708466
"3",97.5999984741211,0.910000026226044
"4",100,0.419999986886978
"5",82.5,0.529999971389771
"6",100,1.82000005245209
"7",100,0.529999971389771
"8",92.5,0.340000003576279
"9",100,0.219999998807907
"10",96.8000030517578,0.600000023841858
"11",83,0.5
"12",100,1.11000001430511
"13",65.5,0.430000007152557
"14",84.9000015258789,0.509999990463257
"15",100,0.189999997615814
"16",100,0.409999996423721
"17",100,0.839999973773956
"18",77.5999984741211,0.46000000834465
"19",100,0.449999988079071
"20",100,1.12999999523163
"21",66.9000015258789,0.479999989271164
"22",100,0.389999985694885
"23",70.3000030517578,0.209999993443489
"24",100,0.949999988079071
"25",51.2999992370605,0.340000003576279
"26",61.2999992370605,0.360000014305115
"27",88.3000030517578,0.959999978542328
"28",100,0.870000004768372
"29",82.9000015258789,4.19999980926514
"30",77.8000030517578,0.0799999982118607
"31",100,0.910000026226044
"32",90.0999984741211,0.439999997615814
"33",85.3000030517578,0.620000004768372
"34",100,0.280000001192093
"35",100,0.589999973773956
"36",75.5999984741211,0.300000011920929
"37",100,0.560000002384186
"38",100,0.649999976158142
"39",100,1.30999994277954
"40",78.1999969482422,0.209999993443489
"41",77.4000015258789,0.409999996423721
"42",100,0.230000004172325
"43",77,0.409999996423721
"44",100,2.02999997138977
"45",98.9000015258789,0.519999980926514
"46",75.3000030517578,0.389999985694885
"47",77.1999969482422,0.159999996423721
"48",100,0.990000009536743
"49",88.5,0.100000001490116
"50",100,0.0199999995529652
"51",100,0.879999995231628
"52",42.5,0.28999999165535
"53",100,0.129999995231628
"54",100,1.5900000333786
"55",74.6999969482422,0.579999983310699
"56",37.5,0.28999999165535
"57",78,0.140000000596046
"58",84,0.649999976158142
"59",100,2.39000010490417
"60",100,1.13999998569489
"61",84.9000015258789,0.409999996423721
"62",79.5,0.219999998807907
"63",100,0.449999988079071
"64",100,1.10000002384186
"65",95.8000030517578,0.629999995231628
"66",99.3000030517578,0.490000009536743
"67",81.1999969482422,0.150000005960464
"68",93.5999984741211,0.109999999403954
"69",88.0999984741211,0.239999994635582
"70",100,0.649999976158142
"71",100,1.35000002384186
"72",100,0.200000002980232
"73",81,0.180000007152557
"74",100,1.16999995708466
"75",73.8000030517578,1.12000000476837
"76",65.6999969482422,0.150000005960464
"77",94.9000015258789,1.6599999666214
"78",38.0999984741211,0.200000002980232
"79",91.9000015258789,0.200000002980232
"80",35.5999984741211,0.189999997615814
"81",71.9000015258789,0.219999998807907
"82",77.4000015258789,2.24000000953674
"83",100,0.620000004768372
"84",93.1999969482422,0.439999997615814
"85",84.5999984741211,0.439999997615814
"86",90.3000030517578,0.469999998807907
"87",73,0.119999997317791
"88",86.3000030517578,0.439999997615814
"89",95.5999984741211,0.439999997615814
"90",80.5,4.65999984741211
"91",65.5999984741211,0.259999990463257
"92",37.7000007629395,0.349999994039536
"93",78.4000015258789,0.230000004172325
"94",61.7000007629395,0.230000004172325
"95",58.7000007629395,0.25
"96",81.0999984741211,0.409999996423721
"97",100,0.689999997615814
"98",58.4000015258789,0.340000003576279
"99",34.2000007629395,0.209999993443489
"100",100,1.10000002384186
"101",100,0.509999990463257
"102",96,0.5
"103",100,0.230000004172325
"104",100,0.899999976158142
"105",100,0.839999973773956
"106",100,1.07000005245209
"107",76.4000015258789,0.439999997615814
"108",100,0.349999994039536
"109",92.6999969482422,0.319999992847443
"110",56.7000007629395,0.28999999165535
"111",100,1.99000000953674
"112",78.6999969482422,0.129999995231628
"113",74.0999984741211,0.430000007152557
"114",45.5,0.0700000002980232
"115",87.4000015258789,0.330000013113022
"116",100,0.939999997615814
"117",86.4000015258789,0.370000004768372
"118",64.5999984741211,0.370000004768372
"119",93,1
"120",89.5,0.529999971389771
"121",100,1.60000002384186
"122",100,2.40000009536743
"123",100,0.759999990463257
"124",68.5999984741211,0.449999988079071
"125",63.2999992370605,0.280000001192093
"126",100,0.699999988079071
"127",89.5999984741211,0.379999995231628
"128",88.8000030517578,0.400000005960464
"129",58.5999984741211,0.180000007152557
"130",100,1.07000005245209
"131",100,0.200000002980232
"132",100,0.620000004768372
"133",56.2000007629395,0.180000007152557
"134",100,0.850000023841858
"135",61.7999992370605,0.449999988079071
"136",75.6999969482422,0.300000011920929
"137",100,0.389999985694885
"138",100,0.469999998807907
"139",100,0.109999999403954
"140",100,0.829999983310699
"141",61.2000007629395,0.740000009536743
"142",100,1.14999997615814
"143",100,0.600000023841858
"144",100,0.180000007152557
"145",68,0.25
"146",79.8000030517578,0.360000014305115
"147",59.4000015258789,0.300000011920929
"148",100,1.4099999666214
"149",61.5999984741211,0.200000002980232
"150",81,0.779999971389771
"151",33.5,0.46000000834465
"152",65.0999984741211,0.109999999403954
"153",100,1.08000004291534
"154",83.6999969482422,0.310000002384186
"155",89.8000030517578,0.170000001788139
"156",100,0.379999995231628
"157",75.8000030517578,0.259999990463257
"158",66.5999984741211,0.150000005960464
"159",85.0999984741211,0.100000001490116
"160",100,0.529999971389771
"161",100,0.819999992847443
"162",90.5,0.439999997615814
"163",100,0.990000009536743
"164",67.5999984741211,0.769999980926514
"165",100,4.05999994277954
"166",75,0.200000002980232
"167",100,0.740000009536743
"168",89.9000015258789,0.389999985694885
"169",100,0.430000007152557
"170",100,0.129999995231628
"171",100,0.209999993443489
"172",66.9000015258789,0.680000007152557
"173",89.3000030517578,0.529999971389771
"174",100,1.89999997615814
"175",81.5,0.839999973773956
"176",80.9000015258789,0.419999986886978
"177",87.5999984741211,0.629999995231628
"178",77,0.550000011920929
"179",99.5,0.959999978542328
"180",97.6999969482422,0.519999980926514
"181",100,4.30999994277954
"182",100,1.26999998092651
"183",58.7999992370605,0.319999992847443
"184",100,0.560000002384186
"185",100,0.28999999165535
"186",93.0999984741211,0.569999992847443
"187",100,1.26999998092651
"188",100,0.349999994039536
"189",100,0.379999995231628
"190",100,0.660000026226044
"191",56.4000015258789,0.200000002980232
"192",87.3000030517578,0.280000001192093
"193",100,0.670000016689301
"194",22.1000003814697,0.109999999403954
"195",48.5999984741211,0.189999997615814
"196",100,0.5
"197",65.0999984741211,0.629999995231628
"198",100,0.469999998807907
"199",83.4000015258789,0.439999997615814
"200",100,0.779999971389771
"201",100,0.469999998807907
"202",55.7000007629395,0.200000002980232
"203",100,0.430000007152557
"204",100,1.79999995231628
"205",100,1.24000000953674
"206",100,3.16000008583069
"207",55.0999984741211,0.209999993443489
"208",100,1.25
"209",71.4000015258789,0.620000004768372
"210",78.3000030517578,0.5
"211",100,0.509999990463257
"212",100,0.769999980926514
"213",100,0.400000005960464
"214",99.0999984741211,0.280000001192093
"215",100,1.01999998092651
"216",78.5,0.340000003576279
"217",64.9000015258789,0.469999998807907
"218",77.5,0.600000023841858
"219",58.5999984741211,0.370000004768372
"220",100,0.189999997615814
"221",80,0.200000002980232
"222",100,0.469999998807907
"223",100,0.689999997615814
"224",100,1.23000001907349
"225",42.0999984741211,0.189999997615814
"226",100,2.89000010490417
"227",73.4000015258789,0.400000005960464
"228",77.5,0.100000001490116
"229",100,0.550000011920929
"230",59.0999984741211,0.419999986886978
"231",75.3000030517578,0.469999998807907
"232",92.1999969482422,0.620000004768372
"233",82.5999984741211,0.639999985694885
"234",89.8000030517578,0.230000004172325
"235",95.3000030517578,0.409999996423721
"236",47.2999992370605,0.419999986886978
"237",78.5999984741211,0.200000002980232
"238",75.5,0.239999994635582
"239",100,0.819999992847443
"240",90.6999969482422,0.400000005960464
"241",97.1999969482422,0.239999994635582
"242",60.5999984741211,0.189999997615814
"243",87.0999984741211,0.230000004172325
"244",100,0.959999978542328
"245",79,0.159999996423721
"246",100,1.70000004768372
"247",100,0.699999988079071
"248",100,0.670000016689301
"249",48.5999984741211,0.469999998807907
"250",100,1.3400000333786
"251",100,1.01999998092651
"252",92.6999969482422,0.219999998807907
"253",100,2.59999990463257
"254",100,0.170000001788139
"255",100,1.32000005245209
"256",68.6999969482422,0.0700000002980232
"257",100,1.33000004291534
"258",100,1.44000005722046
"259",100,1.23000001907349
"260",100,2.33999991416931
"261",100,2.61999988555908
"262",100,0.389999985694885
"263",100,1.42999994754791
"264",100,0.0500000007450581
"265",100,4.6399998664856
"266",100,0.259999990463257
"267",100,2.50999999046326
"268",100,0.639999985694885
"269",100,0.879999995231628
"270",100,1.29999995231628
"271",100,0.589999973773956
"272",94.5,0.28999999165535
"273",100,0.519999980926514
"274",100,0.170000001788139
"275",100,0.469999998807907
"276",78,0.560000002384186
"277",88.5,0.430000007152557
"278",100,0.150000005960464
"279",99.9000015258789,0.360000014305115
"280",100,0.370000004768372
"281",100,0.200000002980232
"282",75.6999969482422,0.219999998807907
"283",100,1.6599999666214
"284",66.5999984741211,0.370000004768372
"285",75.9000015258789,0.419999986886978
"286",93.8000030517578,0.200000002980232
"287",86.5999984741211,0.109999999403954
"288",100,1.07000005245209
"289",100,0.370000004768372
"290",100,0.730000019073486
"291",64.9000015258789,0.419999986886978
"292",100,2.52999997138977
"293",100,0.300000011920929
"294",100,0.389999985694885
"295",75.3000030517578,0.430000007152557
"296",96.8000030517578,0.180000007152557
"297",100,0.28999999165535
"298",49.5999984741211,1.45000004768372
"299",42.4000015258789,0.639999985694885
"300",100,0.25
"301",100,0.629999995231628
"302",100,0.319999992847443
"303",83.6999969482422,0.150000005960464
"304",83.5,0.670000016689301
"305",85.0999984741211,0.230000004172325
"306",80.5999984741211,0.419999986886978
"307",100,0.0299999993294477
"308",100,0.870000004768372
"309",77.4000015258789,0.219999998807907
"310",82.5,3.99000000953674
"311",100,1.11000001430511
"312",100,0.0900000035762787
"313",48.7999992370605,0.230000004172325
"314",100,0.0799999982118607
"315",73.5,0.310000002384186
"316",100,0.680000007152557
"317",82,0.409999996423721
"318",100,0.800000011920929
"319",77.1999969482422,0.740000009536743
"320",100,1.41999995708466
"321",90.6999969482422,0.360000014305115
"322",100,0.889999985694885
"323",83.5999984741211,0.209999993443489
"324",100,1.0900000333786
"325",46.9000015258789,0.25
"326",91.1999969482422,0.670000016689301
"327",76.5,0.469999998807907
"328",72.3000030517578,0.46000000834465
"329",96.5,0.720000028610229
"330",82.1999969482422,0.270000010728836
"331",100,0.439999997615814
"332",100,1.58000004291534
"333",100,0.330000013113022
"334",100,0.920000016689301
"335",100,0.709999978542328
"336",100,0.550000011920929
"337",100,2.1800000667572
"338",100,0.370000004768372
"339",89.4000015258789,1.39999997615814
"340",100,1.48000001907349
"341",96,2
"342",100,0.819999992847443
"343",100,3.80999994277954
"344",100,0.419999986886978
"345",100,0.529999971389771
"346",100,1.07000005245209
"347",100,0.970000028610229
"348",97.4000015258789,0.5
"349",100,0.490000009536743
"350",93.6999969482422,0.360000014305115
"351",74,0.239999994635582
"352",91.5999984741211,0.75
"353",100,0.25
"354",98.5999984741211,0.370000004768372
"355",77.9000015258789,0.370000004768372
"356",92.3000030517578,0.730000019073486
"357",100,0.409999996423721
"358",100,2
"359",100,0.389999985694885
"360",91.6999969482422,0.109999999403954
"361",99.8000030517578,1.53999996185303
"362",98.6999969482422,1.23000001907349
"363",100,1.46000003814697
"364",59.7999992370605,0.259999990463257
"365",100,0.889999985694885
"366",21,0.170000001788139
"367",100,0.219999998807907
"368",100,0.119999997317791
"369",78,0.170000001788139
"370",72,0.219999998807907
"371",100,0.239999994635582
"372",90.8000030517578,1.26999998092651
"373",100,1.02999997138977
"374",100,3.45000004768372
"375",100,1.99000000953674
"376",73.6999969482422,0.349999994039536
"377",100,1.67999994754791
"378",100,0.140000000596046
"379",100,0.330000013113022
"380",100,0.100000001490116
"381",76.3000030517578,0.300000011920929
"382",54.0999984741211,0.219999998807907
"383",76.5,0.25
"384",95.1999969482422,0.519999980926514
"385",92,0.0599999986588955
"386",100,0.509999990463257
"387",100,0.870000004768372
"388",74.4000015258789,0.180000007152557
"389",48.9000015258789,0.00999999977648258
"390",100,1.70000004768372
"391",100,1.87000000476837
"392",100,0.529999971389771
"393",32.5,0.230000004172325
"394",59.2000007629395,0.200000002980232
"395",100,0.509999990463257
"396",100,2.45000004768372
"397",74.5,1.64999997615814
"398",100,0.330000013113022
"399",87.8000030517578,0.46000000834465
"400",73.6999969482422,0.660000026226044
"401",87.0999984741211,0.560000002384186
"402",75.1999969482422,0.300000011920929
"403",99,0.620000004768372
"404",100,0.389999985694885
"405",89.8000030517578,0.430000007152557
"406",81,0.360000014305115
"407",63.7000007629395,0.400000005960464
"408",100,1.14999997615814
"409",100,0.280000001192093
"410",100,1.10000002384186
"411",100,0.100000001490116
"412",100,0.209999993443489
"413",100,1.4099999666214
"414",100,0.980000019073486
"415",100,0.430000007152557
"416",95.9000015258789,0.720000028610229
"417",100,0.529999971389771
"418",80.6999969482422,0.689999997615814
"419",96.3000030517578,0.219999998807907
"420",95.6999969482422,1.75999999046326
"421",100,1.25999999046326
"422",83.9000015258789,0.340000003576279
"423",100,0.280000001192093
"424",61.2000007629395,0.389999985694885
"425",100,0.209999993443489
"426",98.0999984741211,1.35000002384186
"427",75.3000030517578,0.620000004768372
"428",100,4.3600001335144
"429",99.0999984741211,0.479999989271164
"430",38.7000007629395,0.519999980926514
"431",84.5,0.810000002384186
"432",74,0.219999998807907
"433",100,0.0399999991059303
"434",100,0.0299999993294477
"435",96.0999984741211,0.670000016689301
"436",100,2.10999989509583
"437",92.3000030517578,0.439999997615814
"438",100,1
"439",94.4000015258789,0.689999997615814
"440",39.4000015258789,0.270000010728836
"441",96.1999969482422,0.319999992847443
"442",100,0.189999997615814
"443",73.9000015258789,0.600000023841858
"444",89,0.46000000834465
"445",100,0.469999998807907
"446",99.9000015258789,0.829999983310699
"447",59.0999984741211,1.12000000476837
"448",68.5,0.449999988079071
"449",89.9000015258789,0.469999998807907
"450",88,0.180000007152557
"451",92.9000015258789,0.769999980926514
"452",100,0.790000021457672
"453",100,0.119999997317791
"454",85.0999984741211,0.419999986886978
"455",100,1.87000000476837
"456",100,0.409999996423721
"457",100,0.730000019073486
"458",59,0.870000004768372
"459",97.8000030517578,0.579999983310699
"460",78.8000030517578,0.819999992847443
"461",65.5,0.409999996423721
"462",92.9000015258789,0.829999983310699
"463",85.5999984741211,0.159999996423721
"464",66.5999984741211,0.490000009536743
"465",83.6999969482422,0.300000011920929
"466",87.4000015258789,0.449999988079071
"467",100,0.0599999986588955
"468",100,0.970000028610229
"469",85.5,0.670000016689301
"470",39.5999984741211,0.259999990463257
"471",66.5999984741211,0.689999997615814
"472",64.5999984741211,0.150000005960464
"473",98.9000015258789,0.479999989271164
"474",100,1.53999996185303
"475",100,0.400000005960464
"476",92.5,0.230000004172325
"477",95.5999984741211,0.569999992847443
"478",100,0.810000002384186
"479",97.6999969482422,0.629999995231628
"480",88.0999984741211,2
"481",100,0.159999996423721
"482",100,1.21000003814697
"483",74.5999984741211,0.389999985694885
"484",76.5,0.800000011920929
"485",99,1.48000001907349
"486",100,0.579999983310699
"487",72.8000030517578,0.519999980926514
"488",93,0.490000009536743
"489",100,0.930000007152557
"490",100,0.430000007152557
"491",100,0.550000011920929
"492",85.6999969482422,0.140000000596046
"493",100,0.5
"494",100,0.910000026226044
"495",73.1999969482422,0.899999976158142
"496",97.8000030517578,0.479999989271164
"497",87.6999969482422,0.730000019073486
"498",43.0999984741211,0.419999986886978
"499",100,0.409999996423721
"500",81.0999984741211,2.21000003814697
"501",85.5,0.439999997615814
"502",72.9000015258789,0.219999998807907
"503",91,0.119999997317791
"504",100,0.159999996423721
"505",94,1
"506",100,1.76999998092651
"507",77.3000030517578,0.75
"508",78.5,0.610000014305115
"509",56.2999992370605,0.310000002384186
"510",89.6999969482422,0.680000007152557
"511",92.1999969482422,0.310000002384186
"512",100,0.389999985694885
"513",100,0.46000000834465
"514",70.6999969482422,0.569999992847443
"515",100,0.0399999991059303
"516",65,0.550000011920929
"517",75.6999969482422,0.330000013113022
"518",100,0.0299999993294477
"519",71.6999969482422,0.959999978542328
"520",91.5999984741211,2.08999991416931
"521",100,0.340000003576279
"522",57.7999992370605,0.0399999991059303
"523",84.1999969482422,0.219999998807907
"524",94.1999969482422,1.02999997138977
"525",95,0.660000026226044
"526",100,2.78999996185303
"527",19.2999992370605,0.540000021457672
"528",86.0999984741211,0.600000023841858
"529",82,0.170000001788139
"530",68.8000030517578,0.569999992847443
"531",83.1999969482422,0.170000001788139
"532",85.1999969482422,0.879999995231628
"533",100,0.829999983310699
"534",100,0.439999997615814
"535",77.1999969482422,0.569999992847443
"536",77.3000030517578,0.920000016689301
"537",100,1.37000000476837
"538",95,0.75
"539",99.5999984741211,0.400000005960464
"540",74.6999969482422,0.779999971389771
"541",75.9000015258789,0.970000028610229
"542",81.3000030517578,0.379999995231628
"543",91.4000015258789,1.12000000476837
"544",100,0.0399999991059303
"545",70.5999984741211,0.170000001788139
"546",100,0.389999985694885
"547",80.9000015258789,0.150000005960464
"548",88.8000030517578,0.649999976158142
"549",100,0.790000021457672
"550",100,0.0599999986588955
"551",100,1.69000005722046
"552",47.7000007629395,0.319999992847443
"553",100,1.64999997615814
"554",60.0999984741211,0.0900000035762787
"555",67.3000030517578,0.689999997615814
"556",100,0.0299999993294477
"557",100,0.360000014305115
"558",82.5,0.230000004172325
"559",100,3.39000010490417
"560",87.1999969482422,0.439999997615814
"561",80.0999984741211,0.419999986886978
"562",95,0.370000004768372
"563",100,0.670000016689301
"564",100,0.839999973773956
"565",91.5999984741211,0.479999989271164
"566",85.8000030517578,0.189999997615814
"567",97.8000030517578,0.639999985694885
"568",93.4000015258789,0.280000001192093
"569",75.3000030517578,0.439999997615814
"570",79.6999969482422,3.04999995231628
"571",100,2.78999996185303
"572",100,0.300000011920929
"573",82.0999984741211,0.360000014305115
"574",86.6999969482422,0.689999997615814
"575",84.3000030517578,1.12000000476837
"576",73.5,0.589999973773956
"577",82.8000030517578,0.100000001490116
"578",100,2.44000005722046
"579",80.5,0.560000002384186
"580",65.0999984741211,0.170000001788139
"581",95.6999969482422,0.0799999982118607
"582",99.1999969482422,0.0199999995529652
"583",100,0.870000004768372
"584",88.3000030517578,0.529999971389771
"585",100,2.49000000953674
"586",100,2.51999998092651
"587",100,0.46000000834465
"588",92.5999984741211,1.89999997615814
"589",57.5999984741211,0.370000004768372
"590",77.3000030517578,0.319999992847443
"591",78,0.330000013113022
"592",94.4000015258789,0.819999992847443
"593",100,0.779999971389771
"594",69.1999969482422,0.370000004768372
"595",100,1.89999997615814
"596",94.8000030517578,0.0799999982118607
"597",100,0.439999997615814
"598",100,0.100000001490116
"599",79.6999969482422,0.129999995231628
"600",83.5999984741211,0.569999992847443
"601",100,0.439999997615814
"602",100,1.25999999046326
"603",100,0.959999978542328
"604",93.9000015258789,1.5900000333786
"605",100,0.360000014305115
"606",80.9000015258789,0.899999976158142
"607",81.8000030517578,0.119999997317791
"608",100,1.04999995231628
"609",88.0999984741211,0.689999997615814
"610",100,0.759999990463257
"611",75.1999969482422,0.400000005960464
"612",82.5,1
"613",99.8000030517578,2.52999997138977
"614",98.8000030517578,0.409999996423721
"615",48.9000015258789,0.119999997317791
"616",89.4000015258789,0.759999990463257
"617",100,0.300000011920929
"618",100,0.709999978542328
"619",100,0.219999998807907
"620",67.0999984741211,0.200000002980232
"621",81.8000030517578,0.310000002384186
"622",75.4000015258789,0.800000011920929
"623",59.5999984741211,0.159999996423721
"624",100,0.439999997615814
"625",86.0999984741211,0.970000028610229
"626",54.2000007629395,0.430000007152557
"627",56.2999992370605,0.430000007152557
"628",94.8000030517578,0.270000010728836
"629",94,0.779999971389771
"630",96.3000030517578,0.259999990463257
"631",73.5999984741211,0.479999989271164
"632",29,0.25
"633",100,1.3400000333786
"634",95.6999969482422,0.759999990463257
"635",73.5,0.0900000035762787
"636",96.5,1.45000004768372
"637",94.5999984741211,0.540000021457672
"638",85.5999984741211,2.9300000667572
"639",100,1.25999999046326
"640",69.4000015258789,0.419999986886978
"641",97,0.769999980926514
"642",93.5,0.699999988079071
"643",88.1999969482422,0.490000009536743
"644",100,0.140000000596046
"645",63,0.490000009536743
"646",54.9000015258789,0.0199999995529652
"647",100,0.449999988079071
"648",89.8000030517578,1.00999999046326
"649",100,1.1599999666214
"650",73.8000030517578,0.209999993443489
"651",93.8000030517578,0.740000009536743
"652",100,1.11000001430511
"653",72,0.300000011920929
"654",92,0.720000028610229
"655",100,0.129999995231628
"656",100,0.25
"657",100,2.17000007629395
"658",75.3000030517578,0.449999988079071
"659",76.4000015258789,0.100000001490116
"660",79.6999969482422,0.109999999403954
"661",85.0999984741211,0.660000026226044
"662",92.0999984741211,0.509999990463257
"663",100,1.08000004291534
"664",99.5999984741211,0.560000002384186
"665",57.7999992370605,0.349999994039536
"666",100,3.67000007629395
"667",100,0.370000004768372
"668",100,0.970000028610229
"669",56.2000007629395,0.140000000596046
"670",98.5999984741211,0.100000001490116
"671",100,1.85000002384186
"672",100,0.180000007152557
"673",100,0.670000016689301
"674",100,0.670000016689301
"675",100,1.87000000476837
"676",85.6999969482422,0.189999997615814
"677",93.5,0.939999997615814
"678",100,0.200000002980232
"679",100,2.27999997138977
"680",79.8000030517578,0.389999985694885
"681",100,0.670000016689301
"682",57.5999984741211,0.0700000002980232
"683",86.9000015258789,0.509999990463257
"684",86,0.170000001788139
"685",100,0.959999978542328
"686",97.6999969482422,0.00999999977648258
"687",96.8000030517578,0.370000004768372
"688",99.0999984741211,3.73000001907349
"689",52.2999992370605,0.469999998807907
"690",63,0.109999999403954
"691",74.3000030517578,0.360000014305115
"692",90.8000030517578,0.529999971389771
"693",87.4000015258789,1.62000000476837
"694",62.7000007629395,0.620000004768372
"695",50.2000007629395,0.769999980926514
"696",58.2000007629395,0.200000002980232
"697",100,1.44000005722046
"698",49.5999984741211,0.0299999993294477
"699",73.5,0.589999973773956
"700",100,1.02999997138977
"701",100,0.209999993443489
"702",100,4.36999988555908
"703",100,0.709999978542328
"704",100,0.600000023841858
"705",100,0.0299999993294477
"706",85.6999969482422,0.920000016689301
"707",100,0.319999992847443
"708",95.0999984741211,0.200000002980232
"709",67.3000030517578,0.509999990463257
"710",100,0.330000013113022
"711",100,2.10999989509583
"712",100,3.51999998092651
"713",75.9000015258789,0.109999999403954
"714",100,0.280000001192093
"715",70.9000015258789,0.230000004172325
"716",100,0.649999976158142
"717",100,4
"718",100,0.270000010728836
"719",100,0.860000014305115
"720",100,0.379999995231628
"721",57.7000007629395,0.330000013113022
"722",86.3000030517578,0.579999983310699
"723",88.8000030517578,0.540000021457672
"724",64.4000015258789,0.419999986886978
"725",86.3000030517578,0.330000013113022
"726",70,0.109999999403954
"727",94.1999969482422,0.850000023841858
"728",100,0.469999998807907
"729",100,1.67999994754791
"730",74.3000030517578,0.0900000035762787
"731",85.8000030517578,3.5
"732",79.3000030517578,0.239999994635582
"733",66.1999969482422,0.699999988079071
"734",41.5,0.159999996423721
"735",100,0.490000009536743
"736",67.3000030517578,0.740000009536743
"737",57,0.560000002384186
"738",57,0.560000002384186
"739",85.8000030517578,0.759999990463257
"740",51,0.569999992847443
"741",95.6999969482422,0.340000003576279
"742",86.8000030517578,0.639999985694885
"743",98.0999984741211,0.829999983310699
"744",100,0.349999994039536
"745",100,0.400000005960464
"746",30.5,0.25
"747",75.0999984741211,0.879999995231628
"748",100,0.550000011920929
"749",95,0.75
"750",89.8000030517578,0.490000009536743
"751",93.9000015258789,0.529999971389771
"752",61.0999984741211,0.349999994039536
"753",100,0.610000014305115
"754",85.3000030517578,0.419999986886978
"755",95.6999969482422,0.610000014305115
"756",100,0.810000002384186
"757",100,0.360000014305115
"758",93.6999969482422,0.509999990463257
"759",82.1999969482422,0.720000028610229
"760",90.5,0.370000004768372
"761",100,0.239999994635582
"762",100,3.21000003814697
"763",75.0999984741211,0.689999997615814
"764",96.0999984741211,0.930000007152557
"765",63,0.439999997615814
"766",44.7000007629395,0.159999996423721
"767",83.5,0.680000007152557
"768",100,0.119999997317791
"769",100,0.310000002384186
"770",58.2999992370605,0.310000002384186
"771",75.4000015258789,0.0599999986588955
"772",100,0.439999997615814
"773",90.1999969482422,0.620000004768372
"774",96.0999984741211,0.660000026226044
"775",25.1000003814697,0.629999995231628
"776",80.4000015258789,0.600000023841858
"777",100,0.0900000035762787
"778",95.3000030517578,0.349999994039536
"779",100,1.11000001430511
"780",100,4.38000011444092
"781",60.4000015258789,0.409999996423721
"782",84.6999969482422,0.370000004768372
"783",78.1999969482422,1.20000004768372
"784",100,0.189999997615814
"785",100,0.140000000596046
"786",100,0.189999997615814
"787",100,0.810000002384186
"788",100,1.6599999666214
"789",84.5,0.360000014305115
"790",60.7999992370605,0.379999995231628
"791",82.0999984741211,0.519999980926514
"792",98.8000030517578,0.5
"793",84.5999984741211,0.439999997615814
"794",100,3.07999992370605
"795",100,0.379999995231628
"796",79.3000030517578,0.360000014305115
"797",88.1999969482422,0.550000011920929
"798",89.9000015258789,0.280000001192093
"799",89.5999984741211,0.340000003576279
"800",100,1.77999997138977
"801",73,0.889999985694885
"802",100,1.08000004291534
"803",100,1.24000000953674
"804",98.3000030517578,0.340000003576279
"805",100,0.829999983310699
"806",100,0.180000007152557
"807",100,0.829999983310699
"808",90.8000030517578,0.5
"809",72.5,0.899999976158142
"810",71.5,0.379999995231628
"811",100,0.879999995231628
"812",90.4000015258789,0.340000003576279
"813",79.1999969482422,0.349999994039536
"814",95.6999969482422,0.600000023841858
"815",93.3000030517578,0.720000028610229
"816",80.1999969482422,0.170000001788139
"817",96.5999984741211,0.46000000834465
"818",73.9000015258789,0.180000007152557
"819",96,0.189999997615814
"820",64.4000015258789,0.129999995231628
"821",69.5999984741211,0.159999996423721
"822",69.9000015258789,0.449999988079071
"823",80,0.400000005960464
"824",87.3000030517578,0.550000011920929
"825",100,0.709999978542328
"826",58,0.0700000002980232
"827",100,0.740000009536743
"828",74.8000030517578,0.389999985694885
"829",100,0.389999985694885
"830",82.9000015258789,0.740000009536743
"831",100,0.300000011920929
"832",100,0.150000005960464
"833",100,1.01999998092651
"834",100,2
"835",81.5,0.439999997615814
"836",65.5999984741211,1
"837",100,2.25999999046326
"838",46.9000015258789,0.949999988079071
"839",79.1999969482422,0.409999996423721
"840",100,0.769999980926514
"841",53.2999992370605,0.970000028610229
"842",77.3000030517578,0.150000005960464
"843",77.9000015258789,0.629999995231628
"844",61.7999992370605,0.0900000035762787
"845",84.0999984741211,0.209999993443489
"846",100,0.389999985694885
"847",100,0.419999986886978
"848",89.9000015258789,0.360000014305115
"849",100,0.239999994635582
"850",100,3.05999994277954
"851",100,0.150000005960464
"852",79,0.709999978542328
"853",100,0.230000004172325
"854",89.1999969482422,0.910000026226044
"855",100,0.490000009536743
"856",100,0.330000013113022
"857",100,0.129999995231628
"858",100,0.259999990463257
"859",50.9000015258789,1.91999995708466
"860",74.0999984741211,0.330000013113022
"861",100,2.1800000667572
"862",100,1.94000005722046
"863",80.6999969482422,0.540000021457672
"864",91.1999969482422,0.439999997615814
"865",71.9000015258789,0.419999986886978
"866",91.8000030517578,0.300000011920929
"867",100,3.74000000953674
"868",20.1000003814697,0.200000002980232
"869",100,2
"870",78.6999969482422,0.479999989271164
"871",92.3000030517578,0.330000013113022
"872",86,4.63000011444092
"873",100,0.709999978542328
"874",100,0.660000026226044
"875",90.0999984741211,0.109999999403954
"876",91.5,0.819999992847443
"877",100,0.389999985694885
"878",72.5,0.860000014305115
"879",82.8000030517578,0.569999992847443
"880",48.9000015258789,0.990000009536743
"881",100,3.40000009536743
"882",100,0.189999997615814
"883",100,1.37000000476837
"884",86.1999969482422,0.409999996423721
"885",75.6999969482422,0.209999993443489
"886",100,0.300000011920929
"887",100,0.910000026226044
"888",100,0.529999971389771
"889",100,0.319999992847443
"890",65.3000030517578,0.389999985694885
"891",100,1.55999994277954
"892",85.5,0.300000011920929
"893",20.6000003814697,0.0399999991059303
"894",89.8000030517578,0.419999986886978
"895",83.8000030517578,0.419999986886978
"896",100,0.479999989271164
"897",53.7999992370605,0.449999988079071
"898",61.2000007629395,0.200000002980232
"899",100,0.800000011920929
"900",100,0.140000000596046
"901",48.2000007629395,0.109999999403954
"902",66.3000030517578,0.419999986886978
"903",69.9000015258789,0.540000021457672
"904",100,0.379999995231628
"905",100,0.660000026226044
"906",100,0.610000014305115
"907",78,0.270000010728836
"908",100,0.519999980926514
"909",50,0.409999996423721
"910",100,0.569999992847443
"911",100,4.34999990463257
"912",100,3.46000003814697
"913",100,0.720000028610229
"914",100,1.01999998092651
"915",100,1.44000005722046
"916",100,0.620000004768372
"917",100,0.25
"918",88,0.430000007152557
"919",99.6999969482422,0.579999983310699
"920",59.9000015258789,0.170000001788139
"921",100,3.71000003814697
"922",59.5999984741211,0.529999971389771
"923",100,1.21000003814697
"924",100,0.25
"925",100,0.550000011920929
"926",100,1
"927",100,0.159999996423721
"928",68.9000015258789,0.119999997317791
"929",79,0.209999993443489
"930",87,0.620000004768372
"931",100,0.340000003576279
"932",95.9000015258789,0.509999990463257
"933",77.1999969482422,0.170000001788139
"934",100,1.24000000953674
"935",100,1.12999999523163
"936",91.6999969482422,0.430000007152557
"937",77.6999969482422,0.479999989271164
"938",100,0.430000007152557
"939",8.80000019073486,0.5
"940",60.9000015258789,0.370000004768372
"941",100,1.69000005722046
"942",100,2.35999989509583
"943",100,1.5
"944",62.5999984741211,0.389999985694885
"945",100,0.180000007152557
"946",100,1.07000005245209
"947",65.5,0.46000000834465
"948",99,0.140000000596046
"949",78.5,1.11000001430511
"950",100,1.73000001907349
"951",100,0.529999971389771
"952",97,0.159999996423721
"953",89.9000015258789,0.389999985694885
"954",77.9000015258789,0.479999989271164
"955",100,0.660000026226044
"956",100,0.409999996423721
"957",73.4000015258789,0.280000001192093
"958",100,1.79999995231628
"959",100,0.740000009536743
"960",89,0.769999980926514
"961",64.6999969482422,0.0700000002980232
"962",100,0.670000016689301
"963",89.4000015258789,0.370000004768372
"964",78.6999969482422,0.119999997317791
"965",76.9000015258789,0.400000005960464
"966",64.5999984741211,0.280000001192093
"967",78.8000030517578,1.14999997615814
"968",100,0.5
"969",83.9000015258789,0.409999996423721
"970",100,0.100000001490116
"971",43.5999984741211,0.100000001490116
"972",95.4000015258789,0.300000011920929
"973",95.8000030517578,0.319999992847443
"974",100,0.689999997615814
"975",73.5,0.170000001788139
"976",100,0.680000007152557
"977",91.3000030517578,0.319999992847443
"978",82.5999984741211,4.13000011444092
"979",100,0.720000028610229
"980",63.4000015258789,0.0900000035762787
"981",50.2999992370605,0.100000001490116
"982",100,0.140000000596046
"983",93.6999969482422,0.449999988079071
"984",99.0999984741211,1.46000003814697
"985",93.0999984741211,0.270000010728836
"986",67.5999984741211,0.209999993443489
"987",73.4000015258789,0.180000007152557
"988",85,0.370000004768372
"989",77,0.419999986886978
"990",90.4000015258789,0.370000004768372
"991",37,0.219999998807907
"992",100,0.949999988079071
"993",100,0.889999985694885
"994",100,0.28999999165535
"995",86.4000015258789,0.319999992847443
"996",49.7000007629395,0.180000007152557
"997",100,3.73000001907349
"998",73,0.370000004768372
"999",83.5,0.370000004768372
"1000",100,0.150000005960464
"1001",100,0.649999976158142
"1002",100,0.529999971389771
"1003",100,0.189999997615814
"1004",74,0.319999992847443
"1005",100,0.829999983310699
"1006",72.6999969482422,0.819999992847443
"1007",75.5,0.370000004768372
"1008",72.5999984741211,0.519999980926514
"1009",99.1999969482422,0.689999997615814
"1010",100,0.200000002980232
"1011",82.5999984741211,0.330000013113022
"1012",100,0.370000004768372
"1013",98.9000015258789,0.649999976158142
"1014",89.8000030517578,0.360000014305115
"1015",100,0.280000001192093
"1016",72.9000015258789,0.400000005960464
"1017",100,2.16000008583069
"1018",85.3000030517578,1.17999994754791
"1019",96.4000015258789,0.319999992847443
"1020",100,0.28999999165535
"1021",60.2000007629395,0.129999995231628
"1022",100,0.660000026226044
"1023",76.1999969482422,0.409999996423721
"1024",100,1.76999998092651
"1025",100,0.939999997615814
"1026",89.5999984741211,3.77999997138977
"1027",71.5999984741211,4.17999982833862
"1028",99.5999984741211,1
"1029",100,0.920000016689301
"1030",100,0.569999992847443
"1031",100,0.28999999165535
"1032",82.5,0.25
"1033",100,0.330000013113022
"1034",100,0.0799999982118607
"1035",44.2999992370605,0.109999999403954
"1036",100,0.579999983310699
"1037",100,0.230000004172325
"1038",100,0.330000013113022
"1039",100,0.200000002980232
"1040",100,1.27999997138977
"1041",100,1.0900000333786
"1042",100,0.560000002384186
"1043",94.5999984741211,0.370000004768372
"1044",100,1.49000000953674
"1045",100,0.769999980926514
"1046",74,0.180000007152557
"1047",87.9000015258789,0.370000004768372
"1048",92.8000030517578,0.379999995231628
"1049",79.5,0.419999986886978
"1050",100,0.400000005960464
"1051",100,4.11999988555908
"1052",100,0.439999997615814
"1053",87.1999969482422,0.409999996423721
"1054",100,2
"1055",89.0999984741211,0.5
"1056",100,0.0799999982118607
"1057",100,0.230000004172325
"1058",100,1.26999998092651
"1059",44.7000007629395,1
"1060",100,0.330000013113022
"1061",87.5999984741211,0.409999996423721
"1062",66.3000030517578,0.610000014305115
"1063",100,0.159999996423721
"1064",100,0.439999997615814
"1065",100,0.740000009536743
"1066",38.4000015258789,0.0299999993294477
"1067",100,4.6399998664856
"1068",39.7999992370605,3
"1069",100,0.340000003576279
"1070",85.1999969482422,0.550000011920929
"1071",99.9000015258789,1.66999995708466
"1072",96.3000030517578,0.310000002384186
"1073",97.5999984741211,0.409999996423721
"1074",99.3000030517578,1.24000000953674
"1075",100,1.1599999666214
"1076",71.6999969482422,0.430000007152557
"1077",100,4.25
"1078",100,0.409999996423721
"1079",87,0.550000011920929
"1080",84.5999984741211,0.5
"1081",75.5,0.370000004768372
"1082",62.9000015258789,0.200000002980232
"1083",100,3.02999997138977
"1084",100,0.370000004768372
"1085",89,0.200000002980232
"1086",83.3000030517578,0.310000002384186
"1087",82.6999969482422,0.330000013113022
"1088",100,0.409999996423721
"1089",100,0.409999996423721
"1090",100,0.409999996423721
"1091",100,0.409999996423721
"1092",87.5,1
"1093",100,2.94000005722046
"1094",73.9000015258789,0.449999988079071
"1095",64,0.839999973773956
"1096",100,0.959999978542328
"1097",74.5999984741211,0.100000001490116
"1098",84.3000030517578,0.879999995231628
"1099",100,1.19000005722046
"1100",75.0999984741211,0.129999995231628
"1101",100,1.52999997138977
"1102",100,1.85000002384186
"1103",100,1.42999994754791
"1104",100,0.400000005960464
"1105",100,0.660000026226044
"1106",100,1.6599999666214
"1107",100,0.839999973773956
"1108",100,0.46000000834465
"1109",95,0.370000004768372
"1110",100,3.58999991416931
"1111",99.4000015258789,0.579999983310699
"1112",93.1999969482422,0.680000007152557
"1113",91.5999984741211,0.189999997615814
"1114",100,0.579999983310699
"1115",100,0.600000023841858
"1116",50.7000007629395,0.0799999982118607
"1117",91.4000015258789,0.560000002384186
"1118",100,0.0900000035762787
"1119",89.9000015258789,1.01999998092651
"1120",71.6999969482422,0.340000003576279
"1121",67.8000030517578,0.330000013113022
"1122",66.5999984741211,0.409999996423721
"1123",91.9000015258789,0.400000005960464
"1124",99.1999969482422,0.360000014305115
"1125",88,0.540000021457672
"1126",59.2000007629395,0.230000004172325
"1127",89,0.439999997615814
"1128",100,0.949999988079071
"1129",75.3000030517578,0.129999995231628
"1130",81.3000030517578,0.430000007152557
"1131",100,0.439999997615814
"1132",100,2.83999991416931
"1133",95.4000015258789,0.479999989271164
"1134",91.6999969482422,0.330000013113022
"1135",97.1999969482422,0.490000009536743
"1136",79.6999969482422,0.5
"1137",79,0.509999990463257
"1138",93.3000030517578,0.389999985694885
"1139",94.1999969482422,0.540000021457672
"1140",76.3000030517578,0.519999980926514
"1141",100,2.98000001907349
"1142",100,3.14000010490417
"1143",77.6999969482422,0.46000000834465
"1144",82.3000030517578,0.180000007152557
"1145",76.0999984741211,0.25
"1146",82.5,0.529999971389771
"1147",100,0.330000013113022
"1148",82.6999969482422,0.409999996423721
"1149",91.5,1.32000005245209
"1150",84.1999969482422,0.430000007152557
"1151",78,0.360000014305115
"1152",100,0.550000011920929
"1153",93.9000015258789,0.419999986886978
"1154",91.0999984741211,0.389999985694885
"1155",100,0.639999985694885
"1156",100,1.62999999523163
"1157",100,2.29999995231628
"1158",100,3.98000001907349
"1159",100,1.70000004768372
"1160",81.3000030517578,0.810000002384186
"1161",100,4.38000011444092
"1162",83.8000030517578,0.379999995231628
"1163",71.5999984741211,1.9099999666214
"1164",100,0.340000003576279
"1165",100,1.61000001430511
"1166",99.9000015258789,0.949999988079071
"1167",100,0.0299999993294477
"1168",100,1.62999999523163
"1169",99.8000030517578,0.709999978542328
"1170",90.3000030517578,0.529999971389771
"1171",100,0.970000028610229
"1172",100,2.75
"1173",90.3000030517578,0.349999994039536
"1174",100,1.5
"1175",100,2.35999989509583
"1176",100,1.78999996185303
"1177",100,0.800000011920929
"1178",100,0.170000001788139
"1179",70.3000030517578,0.449999988079071
"1180",100,0.439999997615814
"1181",100,1.01999998092651
"1182",100,0.119999997317791
"1183",91.5999984741211,0.75
"1184",100,1.11000001430511
"1185",44.0999984741211,0.379999995231628
"1186",100,0.569999992847443
"1187",86.9000015258789,0.25
"1188",100,0.670000016689301
"1189",100,1.6599999666214
"1190",62.2000007629395,0.159999996423721
"1191",77.3000030517578,0.349999994039536
"1192",76.9000015258789,0.189999997615814
"1193",53.0999984741211,0.219999998807907
"1194",66.5,0.25
"1195",100,0.28999999165535
"1196",100,2.45000004768372
"1197",100,0.709999978542328
"1198",100,0.280000001192093
"1199",70.5,0.449999988079071
"1200",61.5,0.709999978542328
"1201",90,0.449999988079071
"1202",100,0.259999990463257
"1203",100,0.529999971389771
"1204",63.2999992370605,0.200000002980232
"1205",56.7000007629395,0.159999996423721
"1206",100,0.959999978542328
"1207",100,1.33000004291534
"1208",100,0.419999986886978
"1209",68.6999969482422,0.159999996423721
"1210",93.1999969482422,0.5
"1211",100,0.0500000007450581
"1212",76.4000015258789,2.04999995231628
"1213",88.5999984741211,1.27999997138977
"1214",100,1.02999997138977
"1215",80.5999984741211,0.200000002980232
"1216",100,2.30999994277954
"1217",84.9000015258789,0.409999996423721
"1218",90.5,0.370000004768372
"1219",100,0.270000010728836
"1220",100,0.0799999982118607
"1221",100,0.370000004768372
"1222",78.8000030517578,0.430000007152557
"1223",46.9000015258789,0.230000004172325
"1224",91.6999969482422,0.159999996423721
"1225",100,1.77999997138977
"1226",100,0.340000003576279
"1227",88.1999969482422,0.400000005960464
"1228",100,0.430000007152557
"1229",86.3000030517578,0.800000011920929
"1230",61.4000015258789,0.209999993443489
"1231",97.0999984741211,0.419999986886978
"1232",76.3000030517578,0.300000011920929
"1233",86.5,0.400000005960464
"1234",35.7999992370605,0.170000001788139
"1235",74.6999969482422,1.12999999523163
"1236",100,0.860000014305115
"1237",51.9000015258789,0.109999999403954
"1238",62,0.119999997317791
"1239",78.5999984741211,0.540000021457672
"1240",81.8000030517578,0.800000011920929
"1241",28.6000003814697,0.180000007152557
"1242",100,0.109999999403954
"1243",100,0.5
"1244",100,2.41000008583069
"1245",100,0.349999994039536
"1246",100,0.259999990463257
"1247",100,0.239999994635582
"1248",80.9000015258789,0.360000014305115
"1249",49.2000007629395,0.409999996423721
"1250",100,2.29999995231628
"1251",100,0.670000016689301
"1252",75.1999969482422,0.389999985694885
"1253",100,1.03999996185303
"1254",87.4000015258789,0.400000005960464
"1255",3,0.379999995231628
"1256",84.5999984741211,0.439999997615814
"1257",93.3000030517578,0.469999998807907
"1258",67.1999969482422,0.189999997615814
"1259",59.9000015258789,0.180000007152557
"1260",100,0.400000005960464
"1261",86.5,0.5
"1262",100,0.340000003576279
"1263",100,0.189999997615814
"1264",100,4.78000020980835
"1265",100,3.84999990463257
"1266",100,0.310000002384186
"1267",62,0.189999997615814
"1268",100,1.25
"1269",98.9000015258789,1.26999998092651
"1270",64.5999984741211,0.300000011920929
"1271",84.0999984741211,0.439999997615814
"1272",14.8999996185303,0.219999998807907
"1273",81.6999969482422,0.469999998807907
"1274",68.3000030517578,0.419999986886978
"1275",100,0.400000005960464
"1276",100,2.89000010490417
"1277",80.4000015258789,0.0500000007450581
"1278",72.5999984741211,0.319999992847443
"1279",100,0.610000014305115
"1280",90.5,0.389999985694885
"1281",100,0.319999992847443
"1282",80.5999984741211,0.170000001788139
"1283",64.4000015258789,0.319999992847443
"1284",73,0.330000013113022
"1285",85.4000015258789,0.479999989271164
"1286",70.1999969482422,0.119999997317791
"1287",86.5,0.370000004768372
"1288",76.4000015258789,0.379999995231628
"1289",100,0.870000004768372
"1290",100,0.970000028610229
"1291",90.8000030517578,0.689999997615814
"1292",77,0.439999997615814
"1293",81.1999969482422,1.13999998569489
"1294",58.2000007629395,0.560000002384186
"1295",60.9000015258789,0.319999992847443
"1296",94.4000015258789,0.119999997317791
"1297",71.0999984741211,0.379999995231628
"1298",69.8000030517578,0.430000007152557
"1299",65,0.360000014305115
"1300",89,0.340000003576279
"1301",67,0.529999971389771
"1302",87.5999984741211,0.360000014305115
"1303",100,0.379999995231628
"1304",100,0.209999993443489
"1305",100,0.540000021457672
"1306",100,3.32999992370605
"1307",97.9000015258789,0.360000014305115
"1308",72.8000030517578,0.46000000834465
"1309",100,1.1599999666214
"1310",100,0.189999997615814
"1311",100,1.86000001430511
"1312",100,2.75999999046326
"1313",100,0.790000021457672
"1314",100,4.90999984741211
"1315",87.5,0.28999999165535
"1316",100,0.550000011920929
"1317",80.5999984741211,0.219999998807907
"1318",60.7999992370605,1.25
"1319",73.8000030517578,0.25
"1320",100,1.14999997615814
"1321",73.6999969482422,0.349999994039536
"1322",92.4000015258789,0.349999994039536
"1323",100,1.47000002861023
"1324",85,0.389999985694885
"1325",100,0.990000009536743
"1326",85.3000030517578,0.389999985694885
"1327",85.8000030517578,0.5
"1328",89,0.5
"1329",79.4000015258789,0.509999990463257
"1330",64.3000030517578,0.119999997317791
"1331",91.8000030517578,0.310000002384186
"1332",100,0.46000000834465
"1333",98.4000015258789,0.330000013113022
"1334",82.5999984741211,0.430000007152557
"1335",84.3000030517578,0.939999997615814
"1336",100,1.86000001430511
"1337",100,0.689999997615814
"1338",70.1999969482422,0.5
"1339",100,1.48000001907349
"1340",95.8000030517578,0.400000005960464
"1341",100,0.200000002980232
"1342",100,2.07999992370605
"1343",100,0.759999990463257
"1344",100,0.319999992847443
"1345",100,1.76999998092651
"1346",79.8000030517578,0.419999986886978
"1347",58.4000015258789,0.209999993443489
"1348",100,1
"1349",100,0.400000005960464
"1350",79.5999984741211,0.490000009536743
"1351",100,0.300000011920929
"1352",100,0.790000021457672
"1353",81.6999969482422,0.409999996423721
"1354",100,0.170000001788139
"1355",100,0.170000001788139
"1356",100,0.0299999993294477
"1357",100,1.29999995231628
"1358",100,2.1800000667572
"1359",100,0.689999997615814
"1360",100,0.629999995231628
"1361",100,0.639999985694885
"1362",100,0.589999973773956
"1363",100,0.259999990463257
"1364",100,1.60000002384186
"1365",100,0.200000002980232
"1366",31.3999996185303,0.0299999993294477
"1367",98.5,0.589999973773956
"1368",100,1.25
"1369",100,3.70000004768372
"1370",100,0.0299999993294477
"1371",100,0.579999983310699
"1372",73.9000015258789,0.180000007152557
"1373",100,1
"1374",79.3000030517578,0.379999995231628
"1375",70.5999984741211,0.400000005960464
"1376",100,0.219999998807907
"1377",69.3000030517578,0.759999990463257
"1378",93.4000015258789,0.0700000002980232
"1379",100,2.3199999332428
"1380",84.6999969482422,0.379999995231628
"1381",100,0.0399999991059303
"1382",100,0.340000003576279
"1383",100,0.140000000596046
"1384",100,0.720000028610229
"1385",100,0.46000000834465
"1386",94.4000015258789,1.50999999046326
"1387",100,0.529999971389771
"1388",62.5,0.400000005960464
"1389",53.7000007629395,0.0900000035762787
"1390",100,0.639999985694885
"1391",100,1.12999999523163
"1392",100,1.05999994277954
"1393",87.6999969482422,1.89999997615814
"1394",85.6999969482422,0.509999990463257
"1395",100,0.379999995231628
"1396",62.9000015258789,1.21000003814697
"1397",100,0.709999978542328
"1398",100,1.3400000333786
"1399",56.7000007629395,0.0900000035762787
"1400",100,0.140000000596046
"1401",100,1.92999994754791
"1402",100,0.180000007152557
"1403",60.2999992370605,0.270000010728836
"1404",21.2999992370605,0.379999995231628
"1405",85.6999969482422,0.400000005960464
"1406",100,0.389999985694885
"1407",100,0.720000028610229
"1408",71.6999969482422,0.790000021457672
"1409",91.6999969482422,0.270000010728836
"1410",100,0.689999997615814
"1411",55.9000015258789,0.389999985694885
"1412",94.1999969482422,0.159999996423721
"1413",100,1.61000001430511
"1414",96.5,0.509999990463257
"1415",100,0.119999997317791
"1416",87.5999984741211,0.660000026226044
"1417",77.3000030517578,0.319999992847443
"1418",100,0.419999986886978
"1419",100,1.87999999523163
"1420",62.7000007629395,0.360000014305115
"1421",100,0.479999989271164
"1422",100,0.319999992847443
"1423",89.6999969482422,0.360000014305115
"1424",100,0.230000004172325
"1425",100,2.36999988555908
"1426",100,0.200000002980232
"1427",77.6999969482422,0.140000000596046
"1428",56.7999992370605,0.259999990463257
"1429",58.2000007629395,0.360000014305115
"1430",100,0.360000014305115
"1431",100,0.939999997615814
"1432",70,0.310000002384186
"1433",60.0999984741211,1.76999998092651
"1434",100,1.1599999666214
"1435",100,1.35000002384186
"1436",78.0999984741211,0.310000002384186
"1437",78.0999984741211,0.310000002384186
"1438",100,0.490000009536743
"1439",100,0.540000021457672
"1440",100,0.589999973773956
"1441",100,0.790000021457672
"1442",100,0.660000026226044
"1443",92.5999984741211,2.30999994277954
"1444",100,1.86000001430511
"1445",61.7000007629395,0.409999996423721
"1446",55.5,0.0900000035762787
"1447",100,0.930000007152557
"1448",100,0.0700000002980232
"1449",100,1.96000003814697
"1450",100,1.99000000953674
"1451",17.3999996185303,0.28999999165535
"1452",100,0.119999997317791
"1453",90.8000030517578,1.17999994754791
"1454",100,0.280000001192093
"1455",99.5999984741211,0.239999994635582
"1456",76.4000015258789,0.400000005960464
"1457",43.7999992370605,0.200000002980232
"1458",100,0.389999985694885
"1459",100,0.579999983310699
"1460",79.3000030517578,0.430000007152557
"1461",100,0.899999976158142
"1462",100,0.759999990463257
"1463",51.5,0.230000004172325
"1464",88.4000015258789,1.25999999046326
"1465",79.9000015258789,0.670000016689301
"1466",80.8000030517578,0.689999997615814
"1467",92.5999984741211,0.589999973773956
"1468",100,1.28999996185303
"1469",92.5,0.519999980926514
"1470",43.2999992370605,0.150000005960464
"1471",45.7999992370605,0.439999997615814
"1472",67.1999969482422,0.189999997615814
"1473",100,0.119999997317791
"1474",79.3000030517578,0.709999978542328
"1475",78.8000030517578,0.46000000834465
"1476",100,0.28999999165535
"1477",100,0.379999995231628
"1478",50.9000015258789,0.519999980926514
"1479",81.5999984741211,0.419999986886978
"1480",77.5999984741211,0.360000014305115
"1481",93.9000015258789,0.5
"1482",80.9000015258789,0.469999998807907
"1483",100,0.209999993443489
"1484",85.8000030517578,0.159999996423721
"1485",100,1.00999999046326
"1486",100,0.28999999165535
"1487",100,2.64000010490417
"1488",100,0.519999980926514
"1489",70.9000015258789,0.409999996423721
"1490",100,0.949999988079071
"1491",100,1.03999996185303
"1492",91.8000030517578,0.970000028610229
"1493",72.0999984741211,0.119999997317791
"1494",100,0.430000007152557
"1495",74.6999969482422,0.389999985694885
"1496",72.9000015258789,0.810000002384186
"1497",100,2.90000009536743
"1498",63.5999984741211,0.340000003576279
"1499",52.7000007629395,0.449999988079071
"1500",83.3000030517578,0.0299999993294477
"1501",84.9000015258789,0.270000010728836
"1502",100,0.100000001490116
"1503",70.9000015258789,0.5
"1504",68.8000030517578,0.379999995231628
"1505",82.5999984741211,0.560000002384186
"1506",100,0.779999971389771
"1507",100,3.09999990463257
"1508",99.5,0.709999978542328
"1509",91.9000015258789,0.209999993443489
"1510",68.6999969482422,0.189999997615814
"1511",73.8000030517578,0.349999994039536
"1512",100,2.67000007629395
"1513",78.5,0.310000002384186
"1514",99.1999969482422,0.400000005960464
"1515",100,0.870000004768372
"1516",79.0999984741211,0.509999990463257
"1517",81,0.980000019073486
"1518",93.0999984741211,0.649999976158142
"1519",100,0.800000011920929
"1520",68.9000015258789,0.600000023841858
"1521",100,1.73000001907349
"1522",59.5999984741211,0.0500000007450581
"1523",100,3.24000000953674
"1524",52.4000015258789,0.310000002384186
"1525",100,0.990000009536743
"1526",54.9000015258789,0.400000005960464
"1527",100,4.01999998092651
"1528",89.0999984741211,1.39999997615814
"1529",60.5999984741211,0.0599999986588955
"1530",85.0999984741211,0.330000013113022
"1531",100,2.51999998092651
"1532",100,2.26999998092651
"1533",100,0.579999983310699
"1534",100,0.449999988079071
